{"cameraMode":{"drawMode":0,"name":"Shaded","section":"Shading Mode"},"sceneLighting":true,"audioPlay":false,"sceneViewState":{"m_AlwaysRefresh":false,"showFog":true,"showSkybox":true,"showFlares":true,"showImageEffects":true,"showParticleSystems":true,"showVisualEffectGraphs":true,"m_FxEnabled":true},"in2DMode":false,"pivot":{"x":-0.00011254363198531792,"y":0.080512136220932,"z":0.24067078530788423},"rotation":{"x":-0.14506876468658448,"y":-0.05578514561057091,"z":0.00817746389657259,"w":-0.9878481030464172},"size":0.1524333506822586,"orthographic":false}